{"MSE": 2.4552689831894856, "_timestamp": 1686110965.890954, "_runtime": 40.1640989780426, "_step": 0, "_wandb": {"runtime": 43}}