{"MSE": 2.462908033193274, "_timestamp": 1686110782.9253721, "_runtime": 80.96836709976196, "_step": 0, "_wandb": {"runtime": 81}}