{"MSE": 2.449653326779586, "_timestamp": 1686110680.8877, "_runtime": 45.100789070129395, "_step": 0, "_wandb": {"runtime": 47}}