{"MSE": 2.4486851443815265, "_timestamp": 1686110894.9738388, "_runtime": 73.55680584907532, "_step": 0, "_wandb": {"runtime": 82}}