{"mean_squared_error": 6.022036669994053, "_timestamp": 1686109495.2337625, "_runtime": 89.79554057121277, "_step": 0, "_wandb": {"runtime": 95}}