{"MSE": 2.4665166711498565, "_timestamp": 1686111041.9011798, "_runtime": 31.958921909332275, "_step": 0, "_wandb": {"runtime": 28}}